name,licenseNumber,phoneNumber,emailAddress,address
"Homenick, Purdy and Dicki",1,5929862388,,579 Nobel Point
Williamson-Spinka,2,9571814004,mmonkeman1@hubpages.com,6962 Holy Cross Parkway
Stoltenberg Inc,3,4326676828,cbeecker2@sphinn.com,0287 Florence Parkway
Becker-Harvey,4,7984798201,,54 Maple Junction
Wilderman-Zulauf,5,5358543533,aerswell4@etsy.com,17 Eagan Circle
"Hauck, Hodkiewicz and Herzog",6,3338521209,rmalam5@nhs.uk,55 6th Center
"Jakubowski, Towne and Okuneva",7,7166062614,,15 Hagan Center
"Kulas, Hettinger and Anderson",8,5807204646,sganderton7@auda.org.au,866 Park Meadow Terrace
Bayer Inc,9,3852812430,,582 Barby Lane
"Shanahan, McClure and Cassin",10,1965061102,qlumsdale9@howstuffworks.com,5 Sherman Hill
Leffler LLC,11,1484766559,tpontefracta@unesco.org,481 Fordem Point
Dicki LLC,12,6617246461,cwaywellb@t-online.de,1 7th Crossing
Hand LLC,13,3711702966,gmeighanc@acquirethisname.com,18226 Westport Terrace
Kertzmann LLC,14,3539812203,efrodsamd@house.gov,934 Melody Parkway
Predovic-Koelpin,15,8885033991,bdougane@technorati.com,504 Schiller Center
Spinka LLC,16,5952399753,kdavydzenkof@wordpress.com,9755 Clemons Center
Rolfson Inc,17,1199208669,,4 Prairie Rose Hill
Leuschke-Schuster,18,1801633431,fkerblerh@wp.com,22 Gulseth Hill
"Ernser, Buckridge and Feest",19,5112412344,mcheyneyi@google.es,3568 Eastlawn Court
Orn-Leuschke,20,4913407993,rroslej@oakley.com,5098 Bartelt Alley
Beier-Hamill,21,2198284014,,96406 Autumn Leaf Avenue
Schroeder-Gottlieb,22,9009729862,,31 Claremont Crossing
Johns Inc,23,2601980775,pfranchionim@privacy.gov.au,14 Butterfield Drive
Luettgen Inc,24,2917778453,fchalonern@bbc.co.uk,71 Meadow Vale Parkway
Marvin Group,25,5316062126,hleisko@google.de,93597 Kingsford Trail
"Batz, Cremin and Gislason",26,2439321877,,1783 Clemons Trail
Nienow LLC,27,3546371931,acarragherq@reuters.com,9489 High Crossing Street
Homenick-Lang,28,3143649938,ataylor@mysql.com,76 Eliot Parkway
Will and Sons,29,5399544215,zbreetons@tumblr.com,219 Buell Park
Botsford-Prohaska,30,6016118305,dglasheent@github.com,745 Del Mar Terrace
"O'Kon, Reynolds and Schmitt",31,7428751608,cdilliwayu@digg.com,04695 Pleasure Center
Stroman LLC,32,6651246959,,01 Rieder Place
"Adams, Lind and Welch",33,3713072313,icrannaw@nih.gov,974 2nd Junction
Macejkovic-Cremin,34,4174119979,jcaldeirox@google.fr,63 Cordelia Circle
"Torp, Rowe and Christiansen",35,2741094968,cvassery@amazon.co.uk,44 Pawling Road
Johnson and Sons,36,5277369545,hlornez@w3.org,8 Haas Way
Lehner-Wyman,37,9555625196,bpiotr10@nytimes.com,5655 Oak Valley Trail
Funk-Howe,38,6259096604,amacfaul11@example.com,48771 Arapahoe Hill
Powlowski Group,39,8741801060,mtoolin12@ucla.edu,05 Montana Center
Jakubowski-Wiegand,40,4547490451,rdanielut13@ustream.tv,24831 Pankratz Park
Lind-Heidenreich,41,9139417807,cdiver14@istockphoto.com,691 Armistice Parkway
"O'Hara, Lubowitz and Lowe",42,4265771916,hbalasin15@nature.com,881 Judy Crossing
Morissette-Fisher,43,8176689726,akenningham16@opera.com,75 Holmberg Center
Lind Inc,44,8899439420,vcrossfield17@github.com,85127 Thompson Terrace
VonRueden-Kohler,45,7189250377,ncrowson18@weather.com,7 Bay Street
"Lehner, Kutch and Schulist",46,9481283244,uranson19@vkontakte.ru,4 Eagan Drive
Stoltenberg-McDermott,47,4028875352,kcundict1a@bing.com,5222 Del Sol Lane
"Kuvalis, Kihn and Bartell",48,9956501297,yvanyukhin1b@lulu.com,0 Banding Terrace
Bode-Considine,49,9863451700,agosby1c@meetup.com,5 Buhler Trail
"Crooks, Vandervort and Sporer",50,2867901511,cfoynes1d@unesco.org,6 1st Hill
Morissette and Sons,51,1365658498,bfearey1e@slate.com,3 Ronald Regan Hill
"VonRueden, Kutch and Roberts",52,3965506707,scotman1f@smh.com.au,1000 Grasskamp Street
Wilderman Group,53,2627099456,,61 Marcy Plaza
Bergstrom-Dietrich,54,7618161479,cgoodinson1h@spotify.com,614 Marquette Circle
Anderson-Wilkinson,55,7463966683,dmullett1i@ovh.net,7617 Forster Avenue
Abshire Inc,56,1155760770,sivanonko1j@slate.com,24821 Sunbrook Avenue
"Klein, Stehr and Prosacco",57,9154225875,rkuhnert1k@narod.ru,301 Judy Center
"Harber, Oberbrunner and Rodriguez",58,8861811125,areen1l@hostgator.com,6 Stang Way
"Jacobson, Donnelly and Ritchie",59,8757665809,lburleigh1m@xing.com,34 Redwing Pass
Lesch and Sons,60,6806265868,,9959 4th Alley
Schowalter and Sons,61,4971434231,sleverton1o@scribd.com,293 Oak Valley Park
Olson Group,62,9158969589,lkirke1p@twitpic.com,8012 Almo Plaza
Schimmel-Murray,63,5043726997,bmabe1q@fc2.com,5 Oriole Center
DuBuque LLC,64,9496770143,jwilliam1r@ft.com,229 Corscot Hill
"Hickle, Hand and Gibson",65,3718028893,bdowda1s@google.com,40668 Melody Way
Dooley-Crist,66,8906890717,jblandford1t@google.ru,01089 Elka Plaza
"Hansen, Satterfield and Green",67,9248791254,sdunn1u@cnn.com,64 Sherman Road
Rippin and Sons,68,6673628330,emcgarvey1v@scribd.com,31 Iowa Parkway
Haag-Waelchi,69,3379816135,tnesfield1w@macromedia.com,19 Bayside Road
"Pfeffer, Lehner and Nader",70,2074192930,adeeley1x@blogger.com,8338 Lighthouse Bay Lane
Padberg LLC,71,2629723325,bwhitehead1y@census.gov,7 Ilene Terrace
Connelly-Turner,72,6811715260,ldicks1z@bbc.co.uk,631 Becker Street
Kassulke LLC,73,1029605324,hdewerk20@umn.edu,9223 Manufacturers Terrace
Little-Kutch,74,5657680848,bhavis21@kickstarter.com,3131 Eastlawn Park
Jakubowski-Schoen,75,2204069083,jmeier22@yandex.ru,2253 Lake View Junction
Crona LLC,76,6338083313,ochisnell23@washingtonpost.com,504 Welch Street
Pfannerstill and Sons,77,2795186723,ollewellen24@icio.us,045 Harper Avenue
Daniel-Heller,78,4233498874,,552 Eggendart Terrace
Stiedemann and Sons,79,7817595693,ebragg26@umn.edu,0544 Fair Oaks Street
Grant-Stokes,80,9055357057,hduckers27@shareasale.com,5571 Bowman Point
Sauer-Satterfield,81,7606128259,hcrellim28@java.com,1 Comanche Trail
"Howell, Brekke and Daniel",82,7837801263,kmahedy29@cdc.gov,00407 Evergreen Terrace
"Veum, Armstrong and Quitzon",83,3165120973,swestney2a@newsvine.com,8 Lerdahl Street
"King, Weber and Treutel",84,6401793845,bkohn2b@discovery.com,1 Heath Park
"Hartmann, Gaylord and Welch",85,5722596273,bathow2c@php.net,741 Daystar Hill
Kuhlman LLC,86,7414787587,rfidelli2d@joomla.org,6561 Scott Way
Mayer-Murphy,87,6391612099,dboone2e@1und1.de,0 Fremont Terrace
"Heaney, Becker and Davis",88,2235307624,vridgers2f@spotify.com,12 Hoffman Circle
"Fritsch, Greenholt and Sawayn",89,2799534043,bhexum2g@ocn.ne.jp,1 Fremont Plaza
Kautzer-Koch,90,3209001629,wshieber2h@mtv.com,7 Spaight Avenue
Cummerata LLC,91,4371417125,fcliburn2i@stumbleupon.com,4568 Meadow Valley Point
Lakin-Fritsch,92,2858768324,bdaniely2j@deviantart.com,6431 Chinook Avenue
"DuBuque, Hilpert and Stracke",93,4601002747,egilkison2k@nba.com,876 Eastwood Junction
"Wyman, Konopelski and Thiel",94,7659518260,dpaschke2l@zdnet.com,7200 Crowley Plaza
Halvorson Group,95,3926503600,rwetherell2m@biglobe.ne.jp,28 Southridge Center
"Borer, Murphy and Lehner",96,2676307679,chubble2n@mayoclinic.com,28 Pankratz Lane
"Kautzer, Hessel and Kovacek",97,8713785186,fskain2o@domainmarket.com,2030 International Place
Mertz-Schoen,98,5539887538,,91 Toban Lane
Sporer and Sons,99,6569067479,fcapener2q@studiopress.com,09 Barby Center
Runolfsdottir-Hirthe,100,6952210610,dbondy2r@gov.uk,1768 Schlimgen Place
Bartell-Mann,101,1019284683,mbarabich2s@blogspot.com,6 2nd Park
Ebert-Dickinson,102,8612617747,cguyet2t@businessweek.com,264 Tennessee Place
"Tillman, Kuvalis and Larkin",103,6041943940,,973 Truax Center
Yost Inc,104,2566898380,garnoud2v@cisco.com,92432 Fair Oaks Alley
Kilback Inc,105,5193533603,csonley2w@netvibes.com,0 North Plaza
Rice LLC,106,4752198942,acaesman2x@narod.ru,880 Bowman Court
"Grady, Yundt and Swaniawski",107,9414961941,,884 Independence Plaza
Mohr-Nolan,108,6044936513,dstaddart2z@live.com,56597 Washington Place
"Ankunding, Lakin and Deckow",109,5229721919,kmattiassi30@reverbnation.com,82 Dayton Park
Halvorson and Sons,110,8959413010,csommerlin31@usgs.gov,0 Northport Drive
"Bartoletti, Brakus and Strosin",111,3396709508,nburborough32@addtoany.com,53573 Dunning Avenue
Gutmann-Emmerich,112,2891717633,lvanderhoven33@ucoz.ru,856 Rusk Crossing
Gerhold-Konopelski,113,5636113684,gduddin34@who.int,2008 Saint Paul Road
Goodwin-Steuber,114,4615758281,ocheetam35@miibeian.gov.cn,12 Briar Crest Junction
Stokes Inc,115,7931906852,gmoakes36@ehow.com,21043 Corscot Street
"Rice, Lang and Fay",116,4493515010,,9 Park Meadow Avenue
Glover-Feeney,117,4147026845,cmarzele38@ezinearticles.com,4 Stoughton Trail
Von Group,118,4964916921,slapworth39@purevolume.com,62394 Canary Road
Boyer-McGlynn,119,2132313997,gbrookhouse3a@army.mil,3646 Algoma Place
Gleason-Lindgren,120,2184314560,bmowett3b@youku.com,4 Barby Hill
Green-O'Conner,121,5363181865,sbather3c@meetup.com,30361 Prairieview Street
Emard Inc,122,9938915309,atuson3d@usa.gov,7046 Blaine Park
Schimmel-Ferry,123,2813240296,,1 Westend Drive
"Daniel, Schultz and Friesen",124,2025191327,cducket3f@g.co,467 Hoepker Hill
Lebsack-MacGyver,125,5348228413,marnholtz3g@multiply.com,9 Mendota Point
Crooks Inc,126,5094418559,ymingauld3h@squarespace.com,71173 Chinook Trail
Morissette and Sons,127,7428428144,,66 Goodland Avenue
Price-West,128,2775447287,,27 Oxford Plaza
Dickens-Dickinson,129,5861489367,jvell3k@apache.org,94292 Waubesa Way
Gerlach-Macejkovic,130,1223775696,mwestwater3l@harvard.edu,259 Jackson Way
Boyer and Sons,131,4512731328,rbrade3m@home.pl,2684 Tennessee Lane
"Leffler, Schaden and Rohan",132,8318730182,rclow3n@washington.edu,010 Beilfuss Terrace
"Lesch, Friesen and Blanda",133,6786668490,gmila3o@telegraph.co.uk,8 Mariners Cove Terrace
"Stoltenberg, Stiedemann and Medhurst",134,2075099217,ldunford3p@cnbc.com,362 Mosinee Pass
Gaylord-Kihn,135,5305818156,cgallanders3q@about.com,7 Bultman Street
Dare-Friesen,136,5723802205,,15 Forest Dale Point
Larkin and Sons,137,7245259414,pgane3s@newsvine.com,70 Gina Alley
"Kunde, Russel and Auer",138,6347431163,,1729 Sugar Place
"Vandervort, Lind and Greenfelder",139,2518695777,asantora3u@msu.edu,76453 Kensington Point
Christiansen-Balistreri,140,7025326557,jtupie3v@gravatar.com,2433 Daystar Road
Ondricka Group,141,2971711504,gloosmore3w@live.com,58188 Prairieview Plaza
"Williamson, Walsh and Carter",142,5909278685,,3 Merry Avenue
Rosenbaum-Deckow,143,1684329359,,425 Harper Street
Grady-Marquardt,144,8802798571,wtullett3z@ibm.com,7 Knutson Circle
Wehner Inc,145,7219562297,lpeek40@miitbeian.gov.cn,6 Fisk Terrace
Terry-Walsh,146,1676315622,gcolmer41@hugedomains.com,8573 Roxbury Junction
Conn-Rohan,147,4192870780,rpedlar42@t.co,18 Rowland Center
Purdy Group,148,7443813783,,95 Arizona Court
Buckridge Group,149,7869093003,htennison44@comsenz.com,96974 Montana Circle
Schamberger-Friesen,150,5684055593,boman45@a8.net,1 Utah Hill
Jaskolski and Sons,151,2971390869,cosborn46@ibm.com,14221 7th Plaza
"Kulas, Mitchell and Jacobs",152,1282225991,cstorer47@wikispaces.com,15125 Novick Street
O'Hara-Johns,153,3002873867,odewer48@mit.edu,0798 Di Loreto Trail
Zboncak LLC,154,7832603982,rfancett49@canalblog.com,28 Drewry Trail
Blanda-Beahan,155,5718703645,pfitzsymons4a@intel.com,547 Dennis Plaza
"Rath, Daniel and Willms",156,3934398157,lbetun4b@vkontakte.ru,47281 Hallows Place
DuBuque-Stroman,157,4718554039,jdmitrievski4c@ning.com,2 Stephen Parkway
"Bechtelar, Sauer and Ortiz",158,4008323271,cfortun4d@wired.com,00312 Pankratz Trail
Jast-Stoltenberg,159,1505394985,playborn4e@vk.com,34527 Banding Plaza
Donnelly-Sawayn,160,5122515103,rpartener4f@ihg.com,7 Sherman Way
Ortiz-Abbott,161,7859317617,rbendson4g@mozilla.com,34 Sugar Crossing
Leuschke-Bechtelar,162,1962884164,amakiver4h@ovh.net,88 Surrey Avenue
Koelpin Group,163,3128869221,bspeirs4i@1688.com,7 Dryden Pass
Lynch-Pollich,164,7859818594,bdebanke4j@arstechnica.com,59 Stuart Circle
Mosciski Group,165,1732735197,hjerrom4k@reddit.com,4466 Loomis Pass
Koch LLC,166,7114545472,jstrank4l@fotki.com,1845 Columbus Pass
"Sipes, MacGyver and Graham",167,4732249049,kroswarne4m@zimbio.com,65972 Westport Avenue
"Schmitt, Stracke and Klein",168,7847827160,byurlov4n@wunderground.com,151 Mayer Crossing
D'Amore Group,169,9714702550,ndurrett4o@wufoo.com,114 Hanson Trail
Greenholt Inc,170,3458717167,schater4p@domainmarket.com,11 Waubesa Point
Gorczany-Russel,171,3237649044,,5813 Carberry Avenue
"Conroy, Wintheiser and Cruickshank",172,7047954398,batlay4r@intel.com,81 Rowland Pass
Bogisich Inc,173,7176879395,gfried4s@newsvine.com,90 Golf View Road
"Rempel, Heidenreich and Hand",174,9128735597,ncallar4t@printfriendly.com,51 Spohn Park
"Bradtke, Strosin and Volkman",175,4685947967,cloram4u@state.tx.us,8877 Warrior Crossing
Fadel and Sons,176,1713948735,avannikov4v@webeden.co.uk,3428 Clove Point
Murray-O'Connell,177,4108641454,,1 Pond Road
"Ankunding, Kuvalis and Windler",178,8766060035,aamys4x@sciencedaily.com,41 Harbort Drive
"Shanahan, Thompson and Morar",179,7233206498,,1 Everett Junction
Murazik-Kuhlman,180,9492170603,smcgeneay4z@mit.edu,2729 Spohn Circle
Strosin-Strosin,181,4505198531,dhawksley50@google.de,778 Steensland Court
"Pacocha, Ledner and Bashirian",182,2739471870,alawerence51@mysql.com,356 Buena Vista Parkway
Flatley-Fritsch,183,4279220258,dtissington52@over-blog.com,44797 Farwell Park
Lesch-Thompson,184,7433570296,kmcvity53@unc.edu,816 Carpenter Drive
Senger LLC,185,1346388200,nhaskett54@uol.com.br,20428 Columbus Court
Hahn Inc,186,2435809226,rheales55@state.gov,9 Arapahoe Point
"Bartell, Goldner and Dickens",187,8269566470,dmcphillimey56@skyrock.com,1 Stang Avenue
Swaniawski-Fadel,188,5175135003,mshotboulte57@columbia.edu,1 Novick Crossing
Osinski LLC,189,1753552351,vdegoy58@ning.com,065 Continental Plaza
Kreiger-Volkman,190,5214656981,rgrimsdith59@wikipedia.org,446 Erie Terrace
"Schumm, Keebler and Yost",191,5956910572,rbradnam5a@tinypic.com,83535 Ludington Alley
"Nienow, Watsica and Robel",192,5138292524,mhansill5b@is.gd,7686 Rigney Crossing
Quigley LLC,193,2113158335,tchallener5c@berkeley.edu,11 Pine View Center
Jakubowski-Collins,194,7931283309,lragles5d@ftc.gov,9 Fordem Court
Altenwerth and Sons,195,7265595098,ucaplin5e@hc360.com,5 International Trail
Jones LLC,196,2562318754,rparken5f@1688.com,8 Bashford Center
Funk Group,197,7589750392,,004 Garrison Plaza
"Wisozk, Blick and Grady",198,1794535969,nhurlston5h@ox.ac.uk,4 Bay Trail
Wiza-Franecki,199,7161738950,kfloodgate5i@skype.com,99181 Forest Run Center
Anderson-Altenwerth,200,3715250748,nheadan5j@vimeo.com,297 Dwight Street
Shanahan-Skiles,201,2824778524,dleipoldt5k@telegraph.co.uk,037 Corscot Pass
Huel and Sons,202,1133141752,rprickett5l@stumbleupon.com,3 Buell Drive
Ferry LLC,203,7166827601,vdematteis5m@wordpress.com,1 Marcy Pass
"Schoen, Kovacek and Kirlin",204,2663575012,croizn5n@sciencedirect.com,342 Saint Paul Park
Greenfelder Inc,205,3271554666,sudall5o@ucoz.com,71357 Service Road
Keebler-Kuhic,206,5422416798,bdearle5p@globo.com,802 Service Junction
"Green, VonRueden and Nicolas",207,7819238697,,67 Jay Junction
Huel-Ryan,208,1197232738,cmoulds5r@jiathis.com,28 International Hill
"Collins, Effertz and Barrows",209,1324714201,frosgen5s@miitbeian.gov.cn,16 Almo Circle
Lesch-Volkman,210,6286273999,btreswell5t@aboutads.info,94 Warrior Hill
Pfeffer LLC,211,7561435364,fgorey5u@theatlantic.com,5 Basil Lane
Frami-Bayer,212,5792106652,jcuffe5v@mit.edu,78 La Follette Road
"Rohan, Streich and Bartoletti",213,9938601683,lbattey5w@fda.gov,304 Rowland Lane
Schaden and Sons,214,7822750227,adoggrell5x@edublogs.org,5 Sundown Park
"Cormier, Stehr and Tillman",215,7885845635,lclemence5y@exblog.jp,5784 Canary Circle
Nicolas and Sons,216,9523747214,dgoalby5z@fda.gov,40695 Valley Edge Circle
Kuphal and Sons,217,2915367357,mantowski60@gov.uk,67644 Forest Dale Alley
Strosin LLC,218,7461291148,rhabron61@fastcompany.com,53 Meadow Valley Crossing
Ernser and Sons,219,9728064286,rkeates62@mayoclinic.com,743 Lukken Street
Koch-Hauck,220,4966297203,mstephen63@xinhuanet.com,9023 Sunbrook Court
"Reynolds, Reichel and Heller",221,8946742535,atartt64@time.com,6 Sundown Lane
"Romaguera, Hane and Waelchi",222,3508669929,mhallford65@csmonitor.com,495 Debs Terrace
O'Reilly and Sons,223,9984224655,jblackboro66@delicious.com,8566 Dayton Parkway
Larson LLC,224,8033464831,scawthorn67@canalblog.com,408 Riverside Road
Lockman Inc,225,7162799082,arichley68@wordpress.org,800 Dwight Pass
Purdy and Sons,226,2965195023,gsigars69@vinaora.com,99215 David Court
Weber and Sons,227,2183236369,sbaroux6a@twitpic.com,23979 Jenna Lane
O'Connell and Sons,228,6328076141,hshard6b@example.com,1 Columbus Place
Johns Group,229,9205224675,sdowle6c@phpbb.com,9260 Waywood Point
Muller-Kiehn,230,8756351626,fblakebrough6d@mayoclinic.com,8661 7th Park
Mayert-Daniel,231,9165870367,,7 Melody Parkway
"Ortiz, Lueilwitz and Stanton",232,6847972373,ppeoples6f@ted.com,48851 Cascade Crossing
Buckridge-Mraz,233,3462222697,jdadds6g@163.com,34 Vidon Crossing
Kovacek and Sons,234,2407857744,oblair6h@gmpg.org,5449 La Follette Lane
Lockman-Thompson,235,6383393138,qbaddoe6i@posterous.com,9 Huxley Plaza
Hudson-Halvorson,236,8416480575,eread6j@infoseek.co.jp,9 Kennedy Junction
Rippin-Krajcik,237,4188148137,dparcall6k@addtoany.com,440 Ridgeway Crossing
"Morar, Wehner and Hand",238,2542042651,galbert6l@t.co,044 Briar Crest Plaza
"Larson, Gerhold and Hettinger",239,7396616098,sravelus6m@constantcontact.com,90 Lunder Alley
Kunze Inc,240,7344968195,mmacnucator6n@taobao.com,4462 Tomscot Center
Corkery-Monahan,241,8604147754,borgee6o@blogspot.com,7 Shelley Place
"Pouros, Rutherford and Dicki",242,7063269797,,76843 Farwell Court
"Brekke, Veum and Baumbach",243,3068038334,,8402 Superior Junction
Metz-Bahringer,244,1982568101,msowood6r@jalbum.net,44526 Westridge Pass
Schaefer-Bruen,245,1674379909,mmchenry6s@zdnet.com,8976 Briar Crest Lane
Gutkowski Group,246,1644081973,zjobbings6t@ovh.net,7927 Hallows Plaza
"Trantow, Cremin and Corwin",247,9272655126,gedeson6u@utexas.edu,8561 Corben Pass
"Conn, Conn and Leuschke",248,5507584302,gheddan6v@cafepress.com,983 Bayside Terrace
Hayes-Ortiz,249,5299581960,mchapleo6w@ustream.tv,58 Crowley Lane
Parker-Emard,250,2515492295,jlitel6x@cnbc.com,987 Rockefeller Junction
"Cremin, Kutch and Lueilwitz",251,1535486906,,1 Parkside Circle
Bartoletti-Abbott,252,5812292302,,124 West Drive
Armstrong-Skiles,253,7923725740,rlenthall70@msn.com,5283 Warbler Circle
"Dicki, Swift and Bode",254,1171421726,jnerheny71@vkontakte.ru,279 Monica Alley
"Kulas, Stoltenberg and Beahan",255,8035824018,atunniclisse72@bloglovin.com,393 Debra Terrace
Boehm and Sons,256,7056183722,sivshin73@taobao.com,87 Cascade Avenue
"Swaniawski, Schmidt and Keebler",257,9468044545,rduesberry74@redcross.org,4 Raven Avenue
"Luettgen, Zemlak and Schultz",258,9352157028,dkenworthey75@etsy.com,2795 Springview Center
McClure and Sons,259,6307467048,,70963 Spaight Plaza
Eichmann Group,260,4512078944,lsapena77@stanford.edu,78 Clyde Gallagher Plaza
"Schaden, Schimmel and Quigley",261,9049034030,aheine78@illinois.edu,886 Briar Crest Crossing
"Koch, Yost and Abbott",262,2136957652,lhame79@addthis.com,46597 Blue Bill Park Alley
Nader LLC,263,1492659337,hcossell7a@scribd.com,33872 Toban Parkway
Leffler-Cronin,264,7441865283,asabine7b@webeden.co.uk,3013 Dahle Crossing
"Beier, Hettinger and O'Hara",265,1671801610,,817 Corry Avenue
Weber-Grant,266,2742185152,bmaddick7d@prweb.com,17791 Drewry Park
Spencer Inc,267,6266778730,lnapper7e@opera.com,95446 Fairfield Plaza
"Koss, O'Conner and Wilderman",268,7722774941,jklagges7f@state.gov,0639 Quincy Road
Douglas Inc,269,3605521768,gjiras7g@123-reg.co.uk,4 Tennessee Terrace
"Auer, VonRueden and Marquardt",270,5949382414,ftrathan7h@timesonline.co.uk,9 New Castle Plaza
Casper Inc,271,4542767079,aelsip7i@baidu.com,66834 Butterfield Hill
Walker-Bogisich,272,9368977829,usowersby7j@mail.ru,8 Upham Point
Huel-Klein,273,7438202680,bgreville7k@sogou.com,77840 Crownhardt Court
Gleichner-Hammes,274,4994123178,,2 Westend Trail
Zboncak-Ziemann,275,1443046100,gsidnall7m@wordpress.com,42355 Harper Way
Prosacco Inc,276,4136296369,cguise7n@ft.com,69 Clemons Road
"Jaskolski, Harvey and Okuneva",277,5096187097,dsidwick7o@webnode.com,160 Thierer Avenue
Ritchie-Feil,278,7441901627,skubin7p@ox.ac.uk,7 Oak Valley Road
Cremin and Sons,279,4503216947,cmendenhall7q@columbia.edu,9 Fairview Alley
Conn LLC,280,8656613550,ejobling7r@tripadvisor.com,2562 Annamark Street
"Orn, Halvorson and Marks",281,6386387746,apashe7s@typepad.com,70642 Delaware Junction
Wiegand Group,282,8564220065,pbarkshire7t@exblog.jp,1 Toban Terrace
"Volkman, Thompson and Waelchi",283,3686906759,treschke7u@reddit.com,6 Oneill Hill
White Inc,284,1536149376,pcoldbathe7v@economist.com,866 Luster Lane
"Pollich, Ondricka and Rodriguez",285,4846382139,rguihen7w@phpbb.com,01 Northview Plaza
Pfeffer Inc,286,9359551520,ibrentnall7x@wikipedia.org,5610 Maple Center
"Welch, Gibson and Spencer",287,5851944645,dabramchik7y@virginia.edu,87 Dennis Hill
Satterfield-Macejkovic,288,6506109789,mcarville7z@sourceforge.net,61 Corry Court
"Daniel, O'Kon and McGlynn",289,5851480110,,1 Londonderry Court
Lueilwitz Inc,290,9545899549,sleborgne81@mit.edu,334 Rusk Way
Brown-Thiel,291,6923767766,gvolker82@feedburner.com,8448 Grim Circle
Hahn and Sons,292,4643320642,ostoller83@360.cn,320 Red Cloud Way
Corkery-Rodriguez,293,7663343890,ptatlow84@census.gov,3657 Victoria Crossing
"Lockman, Ondricka and Mayer",294,8465342471,jwicklen85@macromedia.com,97 Shelley Parkway
Crist-Wiza,295,6727791394,ncrothers86@com.com,27 Shopko Lane
Lang Inc,296,9166335474,njeremiah87@pinterest.com,4 Hooker Court
Pouros-Kertzmann,297,9008106225,lconduit88@tiny.cc,21 Victoria Road
Kuvalis LLC,298,9163221327,snovill89@ycombinator.com,0 Evergreen Center
Sawayn-Paucek,299,8138686093,mgooday8a@chronoengine.com,48695 Fulton Pass
Macejkovic-Parker,300,5012330535,wspratley8b@goo.gl,385 Golf Course Junction
Glover and Sons,301,9342349542,ceslinger8c@tinypic.com,95 Anzinger Hill
Grimes LLC,302,9317100235,carmfield8d@imageshack.us,029 Luster Trail
"Sporer, Rodriguez and Tremblay",303,6498539883,cmayoh8e@nature.com,5 Upham Lane
Blick Group,304,7135588829,dborges8f@bbb.org,5 Thompson Park
"Bradtke, Tremblay and Abbott",305,1523379469,odabinett8g@scientificamerican.com,41 David Lane
Hackett-Veum,306,8378511643,bodney8h@desdev.cn,89 Golf Way
Stroman-Rice,307,6779714509,afenners8i@tinypic.com,1 Hovde Hill
"Harber, Miller and Stoltenberg",308,1705574329,,529 Esch Parkway
"Mueller, Friesen and Nolan",309,9728185874,kbeesey8k@blinklist.com,80 Union Plaza
"Rowe, Greenholt and Wunsch",310,2376420004,swillimott8l@dion.ne.jp,36 Toban Court
"Hand, Mosciski and Kiehn",311,1789530108,rwavell8m@xinhuanet.com,4066 Harper Center
Upton-Leffler,312,6735715233,rgillespie8n@rakuten.co.jp,18 Lakewood Road
Doyle-Turner,313,6311100842,idudden8o@1688.com,8522 Nelson Pass
Schneider-Lueilwitz,314,9638676526,adiboldi8p@123-reg.co.uk,6888 Green Junction
Champlin Inc,315,7594222238,aoverstall8q@zdnet.com,67017 Anthes Street
"Wehner, Greenholt and Jaskolski",316,3283885757,cmandifield8r@google.ca,07 Fuller Point
Becker-Cole,317,5365591075,gwestley8s@ustream.tv,97 Northview Circle
Jast Inc,318,5469086910,gcheatle8t@globo.com,98 Hallows Place
Parker and Sons,319,8954037853,,97385 Scofield Circle
Ledner-Mayer,320,9362312255,dpoyle8v@aboutads.info,63 Alpine Road
"Klocko, Deckow and Gusikowski",321,9372849177,esears8w@drupal.org,670 Onsgard Hill
Deckow LLC,322,3749419948,dharkus8x@free.fr,27 Valley Edge Street
"Ward, Schneider and Bins",323,4324868217,,50372 Holmberg Lane
Schroeder-Hahn,324,2928456465,apavy8z@histats.com,0508 Elmside Road
"Stokes, Botsford and Emard",325,3823910326,tmcclaughlin90@mail.ru,9 Bunting Place
"Kautzer, Ondricka and Koss",326,3525886599,,5811 7th Circle
"Mayer, Schultz and Douglas",327,4215824642,lkarys92@a8.net,54961 Continental Plaza
Senger-Kerluke,328,2342611472,esalmon93@google.com,84646 Wayridge Trail
Carter-Terry,329,2146250414,elund94@gizmodo.com,0 Basil Street
"Monahan, McKenzie and Schmitt",330,7455376083,jbrownsett95@amazonaws.com,46193 Elka Road
Lebsack LLC,331,1164256768,drieme96@nih.gov,141 Morrow Pass
"Prosacco, Cummings and Robel",332,4721647412,glevay97@home.pl,9 Corscot Trail
Schaefer Inc,333,1068701263,cgransden98@vimeo.com,422 Gerald Crossing
MacGyver Group,334,7135504141,jjedras99@uiuc.edu,4 Truax Parkway
Lang Group,335,6595732770,rlapwood9a@fema.gov,086 Lighthouse Bay Avenue
"Hauck, VonRueden and Jacobi",336,6904601188,mhonisch9b@storify.com,179 Clyde Gallagher Park
West-Crist,337,6194148159,tmark9c@omniture.com,7 Ridgeview Avenue
Pfeffer Group,338,6784558094,mkolis9d@usnews.com,3 Lakeland Hill
Stokes-Rodriguez,339,1366622169,tlusty9e@t.co,8 Grasskamp Alley
"Greenholt, Terry and Wisoky",340,7004306185,lpenniell9f@example.com,7499 Summerview Junction
Macejkovic and Sons,341,3515467441,nbonhomme9g@webs.com,80683 Lakewood Junction
Hickle-Skiles,342,3477805427,neilhart9h@accuweather.com,3433 Sage Point
"Wiza, Lind and Corwin",343,6502728222,vscoffham9i@ebay.co.uk,9 Dwight Circle
Morar-Watsica,344,4798285966,etolfrey9j@berkeley.edu,804 Bellgrove Alley
"Morar, Kozey and Lang",345,6911860664,ereddington9k@topsy.com,909 Raven Hill
"Pfeffer, Jacobson and Pollich",346,6734114518,swoolbrook9l@devhub.com,14993 Westerfield Park
Bartoletti-Emard,347,3938031796,,357 Corry Drive
Tromp-Kautzer,348,3035173860,ihargraves9n@arizona.edu,5 Hoepker Parkway
Willms LLC,349,5854381169,mmaharg9o@wufoo.com,36 Grover Trail
Mills and Sons,350,2403807161,npullinger9p@ted.com,873 Schmedeman Alley
Armstrong-Boyle,351,2514411817,ehuxham9q@state.gov,103 Lakewood Gardens Point
Stanton Group,352,4262846666,msmallsman9r@boston.com,347 Northport Drive
"Wilderman, Pagac and Tromp",353,2771970762,jbulford9s@census.gov,257 La Follette Trail
"Johns, Herzog and Lehner",354,9875929329,mduffree9t@answers.com,5 Rieder Circle
Boyle and Sons,355,8309139305,lchallen9u@istockphoto.com,2850 Kropf Avenue
"Bernier, VonRueden and Renner",356,1596444982,elinzey9v@devhub.com,24 6th Parkway
Kuhn and Sons,357,8692895347,egoathrop9w@printfriendly.com,1 Crownhardt Alley
"Quitzon, Boyle and Considine",358,5834211894,aerickssen9x@123-reg.co.uk,081 Melody Drive
Dach-Kunde,359,1232051230,,3 Killdeer Point
Lueilwitz-Kohler,360,7276886464,dschooley9z@kickstarter.com,4709 Carpenter Pass
"Mann, Hegmann and Bayer",361,1529456322,bbashama0@reverbnation.com,55195 Moose Junction
Hintz-Kozey,362,4885216307,llelievrea1@over-blog.com,4537 Northridge Parkway
Ortiz-Windler,363,3488631292,,227 Quincy Road
"Lebsack, Ankunding and Grant",364,6084012244,bveldena3@dion.ne.jp,791 Beilfuss Hill
"Prohaska, Howe and Wintheiser",365,2551876308,vstoneya4@technorati.com,18 Ridge Oak Terrace
Murazik Group,366,3315311786,,76 Bowman Circle
"Goldner, Rippin and Huel",367,6826783965,kandryseka6@europa.eu,4701 Buell Junction
Ankunding-Waters,368,1146854540,lfrareya7@unesco.org,7 Lotheville Parkway
"Block, Hoppe and Jenkins",369,1804483587,ahenfrea8@pinterest.com,64771 Summerview Crossing
"Ward, Luettgen and Hartmann",370,4996820088,,7 Hauk Place
King-Bailey,371,2303232321,mmcquillanaa@nature.com,8320 Browning Avenue
Tromp-Senger,372,1609975803,kmacmenamieab@cyberchimps.com,31 Moose Hill
Hirthe-Huel,373,6529592596,aosmentac@soundcloud.com,96407 Continental Hill
Wiegand-Okuneva,374,5625817243,smacneilliead@springer.com,40466 Fuller Terrace
Tromp Group,375,9208474075,toconnellae@usatoday.com,6263 Crowley Avenue
"Cronin, Bailey and Bogan",376,7171495810,okempeaf@samsung.com,3 Stoughton Terrace
Stroman-Walsh,377,2871830607,cleyborneag@merriam-webster.com,9986 Gerald Way
"Eichmann, Gislason and Murray",378,8371633071,,31404 2nd Place
Bednar and Sons,379,9593630667,efostonai@admin.ch,6530 Oak Valley Point
Feeney-White,380,7758812706,gdavinetaj@e-recht24.de,5 Lillian Park
Pfannerstill Inc,381,6303883150,,388 Lillian Center
Skiles-Abshire,382,5798352572,,33799 Badeau Hill
Gulgowski Inc,383,7645530020,atringhamam@cnbc.com,2269 Sullivan Avenue
"Williamson, Hudson and Hoeger",384,3802464052,,0106 Declaration Way
Towne Inc,385,9238318907,sharesnapeao@globo.com,3 Myrtle Plaza
Brakus-Keebler,386,7033110608,htoulsonap@intel.com,6203 Forest Parkway
Heaney Inc,387,9491027140,,22 Anzinger Alley
Hickle-Schiller,388,2544443598,,60833 Mockingbird Drive
"Funk, Olson and Schaefer",389,8917283272,fharrildas@example.com,7869 Montana Pass
Abbott and Sons,390,9538712880,mmerckat@craigslist.org,48016 Hansons Trail
Flatley and Sons,391,9976839863,djephcoteau@redcross.org,578 Ronald Regan Circle
Dickens and Sons,392,2365430828,tknowlysav@artisteer.com,9 Iowa Way
"Huel, Russel and Stamm",393,2153651068,ckerraneaw@ted.com,40 Karstens Court
Parker-Goldner,394,7298313515,,8 Forster Alley
"Larson, Zulauf and Conn",395,9062277618,lliveseyay@tinypic.com,46 Continental Park
"Bechtelar, Gulgowski and Cronin",396,4907949244,aziehmaz@google.co.uk,11007 Logan Place
"Harber, McKenzie and Miller",397,2116120393,eivakinb0@indiatimes.com,186 Ohio Street
"Nader, Koss and Boyle",398,3767499750,gbeiningb1@stumbleupon.com,87 Emmet Court
Jones Group,399,8509321029,clovingb2@163.com,87493 Bultman Terrace
"Little, McGlynn and Mertz",400,2248058157,isedgeworthb3@princeton.edu,17 Ohio Drive
"Grady, Bosco and Schimmel",401,2846080869,ttalbotb4@desdev.cn,085 Drewry Crossing
Cremin Inc,402,1625167638,,83089 Mockingbird Hill
Nolan Group,403,7937801828,glangabeerb6@salon.com,9385 Sunnyside Plaza
Reilly-Glover,404,1882911309,clithgowb7@cam.ac.uk,10 Burrows Court
"Armstrong, Dicki and Schmeler",405,3273264285,bsimonianb8@yandex.ru,4 Petterle Crossing
Stamm-White,406,8589276105,jwilksb9@istockphoto.com,59535 Mariners Cove Trail
Anderson-Emmerich,407,7921607822,mtillyba@a8.net,2855 Anzinger Lane
Hermann Group,408,3142711693,crapobb@uiuc.edu,3 Barnett Alley
"Walsh, Eichmann and Rodriguez",409,6755493419,,64446 Warbler Pass
Paucek LLC,410,8116412831,jbarfordbd@arstechnica.com,64181 Spaight Drive
"Marks, Hoeger and Pfeffer",411,3931238811,mciricbe@t.co,6 Union Trail
"Daniel, Heller and Kertzmann",412,5421421635,greubelbf@moonfruit.com,37378 Marcy Way
Raynor and Sons,413,9375227609,,26 Dapin Crossing
Terry LLC,414,5848422831,fmerringbh@cnbc.com,75 Mcguire Junction
"Boyer, Gerhold and Weber",415,5911220313,kdyetbi@examiner.com,37212 Farmco Crossing
Dare Group,416,6398367695,,4 Talmadge Park
Kshlerin-Kiehn,417,4336171328,agreenhalghbk@surveymonkey.com,121 Corscot Junction
Parker and Sons,418,4483729317,,582 Bay Drive
Mraz-Ziemann,419,1219837918,bkelbybm@cbsnews.com,0 Starling Avenue
"Dare, Weber and Pfannerstill",420,7976597824,mgraftonbn@lycos.com,1 Farmco Avenue
"Lehner, Goyette and Volkman",421,9294160565,mmaccoveneybo@thetimes.co.uk,23192 Amoth Drive
Schamberger-McGlynn,422,3601388853,ldruelbp@tinypic.com,8212 Fulton Hill
Mertz and Sons,423,5256237720,kgilyattbq@diigo.com,714 Eliot Hill
Kessler Inc,424,9839414842,dcurrombr@woothemes.com,7 Nova Park
Keebler-Bernhard,425,4941543975,dduredenbs@cbslocal.com,88868 Kingsford Pass
"Grant, Dach and Tillman",426,1293180843,mcharrissonbt@chron.com,8885 Steensland Place
"Effertz, Bogan and Sipes",427,6906715633,,66 Kinsman Drive
Graham Group,428,4052558527,wlaitybv@hp.com,9 Heffernan Center
Stokes and Sons,429,7582519094,jzuckerbw@soundcloud.com,2 Marquette Park
Hermann-Kerluke,430,1539452134,dfellonbx@imageshack.us,0 Bay Circle
"Metz, Breitenberg and Kilback",431,4688510967,,5467 Fallview Alley
"D'Amore, Emard and Schneider",432,2453881563,gchattertonbz@google.de,205 Milwaukee Alley
Keebler-Jacobi,433,8815063195,zstewartsonc0@twitter.com,7667 Susan Court
"Hermann, Bernier and Dibbert",434,4795719798,mnairyc1@chicagotribune.com,8 Old Gate Place
"Simonis, Schneider and Wolf",435,6936646829,jlevershac2@ft.com,75035 Maple Way
Halvorson-Kozey,436,9152300894,,5095 Arizona Way
Morar-Braun,437,5587734938,wmicheauc4@wunderground.com,5 Glacier Hill Terrace
"Abernathy, Waters and Murazik",438,3281565423,ecircuitc5@desdev.cn,1533 Shopko Road
Kozey-MacGyver,439,8277830717,tallbrookc6@ovh.net,2405 3rd Crossing
"Abshire, Torp and Nader",440,3006594269,cdurakc7@ovh.net,19 Canary Center
O'Kon-Schumm,441,5933537817,,0 Eliot Alley
Balistreri and Sons,442,4399502091,ttorrc9@naver.com,9 Schlimgen Alley
"Emmerich, Moore and Hills",443,9604974639,,27 Sugar Plaza
Hermiston Inc,444,1222250797,sbruffcb@rediff.com,8767 Bultman Hill
Jacobi LLC,445,4187465248,swernycc@devhub.com,16613 Eggendart Plaza
Jones-Kessler,446,4944053822,ntomecd@europa.eu,81529 Ridgeway Terrace
Rowe Inc,447,2445157360,ekochlce@mlb.com,6 Hoard Trail
Veum LLC,448,3042395462,dharrinsoncf@360.cn,00381 Mayfield Street
"Ullrich, Lemke and Botsford",449,1656618655,mbrutycg@imgur.com,4114 Moulton Crossing
"Aufderhar, Kris and Veum",450,2763084712,wdrewech@ftc.gov,0 Moose Street
"Sauer, Lakin and Eichmann",451,6855847085,tmelroseci@godaddy.com,68549 Sunbrook Parkway
Considine Inc,452,2977102011,tdearmancj@epa.gov,13 Del Sol Junction
Schinner Group,453,9036757950,,0709 Northwestern Crossing
Beatty LLC,454,3465312311,csouzacl@prweb.com,5 Chinook Alley
Torp Inc,455,4443408938,kbarkescm@europa.eu,8010 Vermont Place
"Simonis, Shanahan and West",456,9738657864,,7 Sommers Terrace
"Gutmann, Conroy and Wolf",457,4182214129,gsnellco@mysql.com,82826 High Crossing Drive
"Emard, Roberts and Fisher",458,6573173598,apolendinecp@wix.com,2 Burning Wood Circle
Rogahn LLC,459,6357730189,wyansonscq@dmoz.org,41 Northfield Drive
Hamill-Gislason,460,3191585618,drickabycr@theguardian.com,228 High Crossing Junction
Tromp Group,461,6151891832,mfollittcs@naver.com,19100 Fordem Center
"Moore, Watsica and McGlynn",462,5369933256,vgissingct@cbc.ca,618 Thierer Place
"Breitenberg, Russel and Balistreri",463,6414723352,ndrinkhillcu@list-manage.com,73 Cascade Drive
"Johns, Rutherford and Bechtelar",464,8416221751,,9290 Center Street
"Jenkins, Stokes and Hahn",465,9152385337,ereamcw@boston.com,2599 Stuart Lane
Weber-Rosenbaum,466,4167508534,alargentcx@forbes.com,18081 Farmco Alley
"Pollich, Abernathy and Larkin",467,7682979889,ghymascy@hc360.com,37996 2nd Hill
Bayer LLC,468,9013150186,keareycz@newyorker.com,93 Knutson Point
"Conn, Kiehn and Hintz",469,5451653425,ktommaseod0@businessinsider.com,4 Park Meadow Place
Renner-Blanda,470,5273834603,cocosgrad1@infoseek.co.jp,74 Canary Crossing
Mosciski-MacGyver,471,9329922551,hhamptond2@ibm.com,67744 Moland Junction
Kovacek-Thompson,472,2819556511,lpitfordd3@multiply.com,8 Sundown Court
VonRueden LLC,473,1137778388,evibertd4@yellowbook.com,5 Arizona Alley
Hilll Group,474,1595677621,jshankd5@apache.org,4 Fremont Park
"Romaguera, Wyman and Fadel",475,7814673769,,06 Delladonna Lane
"Johnson, Gibson and Hartmann",476,3839893947,drabbd7@furl.net,36 Elka Park
Turcotte and Sons,477,3101921002,,91 Alpine Terrace
Schowalter-West,478,1016408785,eenrigod9@nature.com,8179 Loftsgordon Lane
Hintz-Walsh,479,3831762951,,108 Lukken Way
"Klein, Collins and White",480,4252482038,dgetcliffedb@hhs.gov,5131 Homewood Terrace
"Osinski, Stroman and Towne",481,3217461291,afowliedc@topsy.com,1 2nd Park
"Schroeder, Hilpert and Collier",482,6879985032,dpaybodydd@oracle.com,68 Lawn Alley
Kilback-Fay,483,8028103173,,26696 Green Plaza
Schimmel Group,484,6852699769,asiddaleydf@paginegialle.it,6 Duke Road
"Upton, Parisian and Hilpert",485,2606883153,awilseydg@google.de,22 Mosinee Pass
"Schneider, Funk and Kemmer",486,6492005268,rrichingsdh@parallels.com,3642 Stephen Trail
Hackett-Heidenreich,487,3081051702,craveaudi@illinois.edu,8351 Nevada Hill
Larson-Goyette,488,3805335915,jhowdendj@cbslocal.com,04 Sommers Circle
Nienow Inc,489,5177649396,wblasdaledk@ehow.com,4 Amoth Street
Miller Inc,490,2278823612,,65 Vera Street
Rice LLC,491,1314793857,,9 Oneill Plaza
Hermann Group,492,6851844690,,5 Meadow Valley Pass
Kris LLC,493,9215955149,ddaintithdo@ameblo.jp,8 Oriole Circle
Rogahn-Padberg,494,4232392260,cfrangodp@shutterfly.com,63 Thackeray Trail
Reilly-Lockman,495,3226790692,,35 Transport Circle
"Prohaska, Lubowitz and D'Amore",496,3777171698,jbettlesondr@google.nl,9004 Dryden Center
"Herman, Murphy and Veum",497,1871586880,,2 Division Hill
"Little, Collins and Conroy",498,4617750642,wdishmandt@booking.com,5133 Monument Circle
"Windler, Larkin and Daugherty",499,4442417979,mmcileendu@bloglines.com,4283 Dexter Court
Buckridge-Schumm,500,6584146587,dpawelsdv@taobao.com,89776 Lukken Plaza
Vandervort-Heidenreich,501,5084458113,cwickeydw@cornell.edu,450 Bunting Plaza
Boehm-Stiedemann,502,6486282958,msandydx@mtv.com,92 Briar Crest Crossing
Welch-Hayes,503,7857241129,golczykdy@posterous.com,9 Havey Way
Jakubowski Inc,504,1834472278,bbalduccidz@friendfeed.com,6094 Waywood Crossing
Reichel Inc,505,7991257443,jmaccurlyee0@sphinn.com,26 Calypso Pass
Farrell Group,506,2109301732,,59124 Farwell Drive
Moore-Gerhold,507,9766752802,taronoviche2@washington.edu,3750 Westridge Junction
"Hammes, Stark and Spinka",508,9291961849,jsilverthorne3@free.fr,93 Blue Bill Park Center
Graham and Sons,509,6785184715,ccogere4@hp.com,01 Bay Avenue
Herzog and Sons,510,5007975580,sbendike5@dailymail.co.uk,16019 Stephen Drive
"Rath, Greenholt and Wilkinson",511,3309817663,dpinocke6@cbslocal.com,3 Kings Way
Rippin-Bergstrom,512,5927649176,sbadsworthe7@vinaora.com,926 Pawling Trail
Anderson Group,513,7683366104,avysee8@epa.gov,3111 Rigney Trail
Gusikowski Group,514,2637857914,amebese9@census.gov,3287 Blackbird Circle
Dicki-Treutel,515,6878910478,skenderea@unesco.org,486 1st Hill
Kohler Inc,516,3724084814,mranscomeeb@wordpress.com,99 Merchant Avenue
Quitzon-Padberg,517,2629178522,acopnellec@reuters.com,0908 Marquette Center
"Walsh, Cummerata and Monahan",518,9757204154,agivened@tiny.cc,491 Florence Court
"Bernier, Kuvalis and Funk",519,7841996813,aboothbyee@slate.com,60 Meadow Valley Alley
Abbott-Lubowitz,520,6731738528,cjeandotef@pagesperso-orange.fr,1480 Melody Drive
"Adams, Bauch and Sipes",521,7073104388,acrookstoneg@mail.ru,49 Springview Lane
Leffler Inc,522,5394952025,,66635 Karstens Junction
Torphy LLC,523,5621813956,,5 Cody Road
Kautzer-Stanton,524,7851471128,hcreamerej@phoca.cz,49 Lillian Alley
Hyatt Inc,525,7068070728,,03350 Cardinal Pass
Koepp Inc,526,3273385918,wreichartzel@microsoft.com,7 Thierer Court
Yost-Deckow,527,1756681022,kanticem@buzzfeed.com,7 Cardinal Pass
"Ankunding, Brakus and Lowe",528,1656046818,,149 Debs Court
"Conn, Koelpin and Gleichner",529,4157157594,ericeardseo@goo.ne.jp,00327 Mandrake Point
"Spinka, Grant and Thompson",530,9123962631,,39543 Donald Crossing
Gottlieb-Baumbach,531,7494695234,sroggemaneq@bbb.org,89 Onsgard Center
"Luettgen, Kunde and Will",532,9933739662,lbrownrigger@foxnews.com,92 Sachs Hill
Kerluke and Sons,533,5077017476,agahanes@mysql.com,81289 Fieldstone Alley
Dach-Mayert,534,6399232412,egerssamet@omniture.com,95303 Coolidge Center
Feest Group,535,2416227326,csleighteu@webmd.com,7541 Arrowood Park
"Gibson, Olson and Cremin",536,5021952351,etreppasev@booking.com,81701 Dawn Pass
"Mayert, Abbott and Durgan",537,2443857542,kbucktroutew@nih.gov,7 Fordem Way
"Marvin, White and Larson",538,8616617381,,75376 Russell Court
Grady-Padberg,539,2573209835,kcrollyey@opera.com,7 Straubel Plaza
"Jerde, Steuber and Erdman",540,6423188976,abeamandez@123-reg.co.uk,18564 Clemons Trail
Murphy Group,541,3846787241,jpoulterf0@oaic.gov.au,20 Delladonna Way
"Steuber, Durgan and Padberg",542,7896601094,rcallingtonf1@arizona.edu,7 Nova Alley
Franecki and Sons,543,6306636590,hiannof2@squidoo.com,03 Carberry Terrace
Schroeder-Homenick,544,5833653881,ebenedettif3@chron.com,7 Dorton Pass
Pollich LLC,545,8799331247,,770 Fairview Street
Klein Group,546,8444416882,teddicottf5@merriam-webster.com,02019 Straubel Junction
Blick and Sons,547,8012754157,hhaggardf6@purevolume.com,3 Jenifer Parkway
Skiles and Sons,548,4114621886,khaquinf7@fda.gov,41 Hallows Hill
Dicki-Grant,549,3355129606,rboichf8@i2i.jp,6 Oakridge Drive
Rowe-Jakubowski,550,8254947544,,01759 Homewood Junction
Jast and Sons,551,4244789702,cwestwaterfa@altervista.org,442 Division Plaza
Harris and Sons,552,7999770459,tstackfb@naver.com,1936 Forest Dale Point
"Heaney, Rippin and Nitzsche",553,5082412967,rprinettfc@adobe.com,842 Mendota Alley
Nolan LLC,554,3048719574,tbrosemanfd@goodreads.com,5 Debs Circle
Wunsch-Brown,555,9083918100,lmuldowneyfe@examiner.com,134 Scoville Parkway
Oberbrunner LLC,556,5605129252,esarneyff@about.me,7 Katie Point
Wisoky-Dickinson,557,6803471932,fscowenfg@salon.com,52690 Forest Dale Plaza
"Shanahan, Koss and Torphy",558,3641243412,tdatefh@example.com,859 Delladonna Hill
Simonis Inc,559,9647975335,dlahivefi@last.fm,78391 Caliangt Hill
O'Conner Inc,560,8207957838,khakenfj@cmu.edu,03409 Forster Junction
"Gleason, Blick and Heller",561,4268312844,glucchifk@tuttocitta.it,66 Cardinal Terrace
Waters and Sons,562,4152447530,ijahndelfl@istockphoto.com,60026 Express Crossing
Sipes-Johnson,563,2654429117,mconcklinfm@nbcnews.com,20070 Caliangt Lane
Becker-Larkin,564,1539062825,rbearefn@liveinternet.ru,75309 Coolidge Alley
Barton-Rowe,565,4834557796,fscimonefo@delicious.com,5 Clarendon Road
"Lynch, Schaden and Schowalter",566,7027277977,atorettafp@salon.com,113 Transport Park
Sipes-Ferry,567,1147750630,dmattssonfq@chicagotribune.com,24 Prairie Rose Road
Jerde-Rolfson,568,5886528795,scoathamfr@google.de,329 Troy Trail
"Tremblay, Pollich and Bogan",569,7509573426,lmeahfs@si.edu,0 Fairview Place
Reichert Group,570,8541120429,,1 Continental Crossing
Boyer-Weimann,571,3597990102,bsambedgefu@com.com,72 Beilfuss Circle
Labadie-Kertzmann,572,4642959918,edarlestonfv@flavors.me,43082 Crescent Oaks Street
Monahan-Mosciski,573,2717528905,kmasseyfw@elpais.com,6289 Twin Pines Alley
Sanford Inc,574,9855531407,jrettiefx@sourceforge.net,75740 Esker Place
Erdman LLC,575,3897170883,jkeyfy@nhs.uk,13 Montana Hill
"Walter, Sipes and Homenick",576,3251984833,chamlinfz@un.org,264 Delladonna Circle
"Buckridge, Rempel and Hane",577,2433353910,phamblyg0@aboutads.info,1510 Forest Dale Point
Orn LLC,578,5035477184,lhaigg1@sfgate.com,94 Sullivan Road
Schulist LLC,579,5195993734,fclemitsg2@bloomberg.com,120 Di Loreto Park
"D'Amore, Wolff and Reynolds",580,9911469398,gsilwoodg3@surveymonkey.com,31099 Twin Pines Court
Wuckert-Cartwright,581,2084254636,jmerringg4@tripod.com,87077 Hermina Parkway
Jacobi Inc,582,3918552902,jstaggeg5@cmu.edu,0 Anhalt Drive
Boehm-Swaniawski,583,6019535515,galang6@whitehouse.gov,06614 Forest Dale Place
Oberbrunner Inc,584,5486473439,nbarltropg7@google.es,12 Coolidge Place
Lind-Dicki,585,1746212009,ncamillog8@odnoklassniki.ru,88 Summit Pass
Bode-Sanford,586,3592846294,cbrennandg9@nyu.edu,99589 Anhalt Avenue
Gutmann-Koss,587,4393156451,adowdingga@ustream.tv,0 Oak Place
Blick Group,588,3964638163,shuddlestongb@deliciousdays.com,9 Iowa Plaza
Stanton LLC,589,2944724950,,48929 Mallard Crossing
Howell-Bode,590,3799418374,skeppingd@admin.ch,6073 Judy Crossing
"Hills, Berge and Harris",591,2068405114,tathridgege@rambler.ru,10409 Meadow Ridge Court
Heller-Sawayn,592,8213188944,,899 Sachtjen Center
Crooks-Collier,593,1923068731,,6 Sunnyside Center
Corkery LLC,594,3776798079,hpizergh@zdnet.com,353 Sutherland Place
"Fahey, McGlynn and Gerhold",595,7436914262,fjorgesengi@slate.com,86182 Victoria Terrace
Koss Group,596,8074893457,cyorathgj@usgs.gov,7338 Talisman Road
DuBuque-Blick,597,7438250793,,48 Schlimgen Pass
Hauck-Harris,598,7121337927,sdockraygl@phoca.cz,9532 Fallview Alley
O'Kon LLC,599,3113793968,gnecrewsgm@state.tx.us,3486 Jana Trail
"Koch, Jacobi and Miller",600,6566653563,,6 Sugar Circle
"Beier, Heller and Shanahan",601,3124526410,nsheirlawgo@cmu.edu,9036 Dapin Plaza
Ernser-Ledner,602,1501226253,,57 Manufacturers Court
Witting Inc,603,8961917729,mcrudgintongq@globo.com,1 Jenna Point
"Kshlerin, Murazik and Borer",604,6217132236,,301 Welch Hill
Runolfsson Group,605,6494875714,,85 Bartelt Place
Strosin Inc,606,2827700349,egreirgt@miitbeian.gov.cn,368 Jenifer Circle
Hodkiewicz-Dooley,607,9983831915,bshaxbygu@goodreads.com,7308 Kennedy Terrace
"Mertz, Koss and Krajcik",608,1148168846,hrawstrongv@dailymotion.com,9 Springview Crossing
Brekke-Wuckert,609,6239871446,gproudgw@github.io,95845 Cardinal Terrace
Turner and Sons,610,6794125210,jbebbgx@ox.ac.uk,623 Sommers Alley
"Hand, Wyman and Kemmer",611,5046755018,gvirrgy@mit.edu,69404 Sullivan Terrace
"Fahey, Sawayn and Nolan",612,6639329413,tmartinetgz@yahoo.com,1638 Brentwood Alley
Wilkinson-Bergstrom,613,1731067658,mdickerh0@google.cn,36162 Schlimgen Park
Dach Group,614,4119555809,aceeleyh1@wiley.com,5520 Springs Hill
O'Conner-Tromp,615,8407037013,emariotteh2@tinyurl.com,7025 Union Point
Sipes Inc,616,1824110697,vlulhamh3@spotify.com,54 Glacier Hill Drive
Bailey LLC,617,4462628949,,17670 Clyde Gallagher Alley
Green-Sanford,618,5384228694,cszepeh5@technorati.com,7299 Welch Crossing
Runte-Mann,619,4396684118,igilardengoh6@multiply.com,1 Leroy Circle
Corkery-Turner,620,7008175780,,96896 Sommers Pass
Kohler Group,621,1616526809,,8 Esker Park
Batz LLC,622,2876652104,dleadstonh9@wired.com,94 Meadow Vale Point
Pagac-Tremblay,623,2338923265,lhalbordha@discuz.net,843 Thierer Place
Collier LLC,624,2051951702,osimeonihb@zimbio.com,28353 Shoshone Place
Swift-Schimmel,625,7999589892,,9004 Lakewood Plaza
"Leuschke, Larson and Goldner",626,7329686490,,991 Dorton Street
Gaylord Group,627,6637893115,,21990 Pearson Drive
"Metz, Hauck and Beahan",628,3449227682,cfowldshf@sbwire.com,600 Sutteridge Street
Purdy-Carroll,629,5363287997,tlathwellhg@xrea.com,552 Cardinal Road
Schneider Inc,630,6701957174,lspybeyhh@intel.com,748 Hollow Ridge Crossing
"Corwin, Rempel and Douglas",631,1838044298,faucoatehi@uol.com.br,172 Drewry Street
Corkery LLC,632,8454027164,eaudenhj@google.pl,16 Monument Crossing
"Bartell, Hegmann and O'Hara",633,6014525225,csheweryhk@kickstarter.com,887 Golden Leaf Circle
Stoltenberg and Sons,634,1987434083,jlightewoodhl@studiopress.com,1 Nova Road
Kuvalis LLC,635,2992237140,gkinvighm@berkeley.edu,51827 West Lane
"Keebler, Borer and Casper",636,2809640620,jivettshn@arstechnica.com,383 Clemons Road
Boyer-Stroman,637,6959422717,,44 Upham Road
Blanda-Haley,638,9111184716,,79288 Gateway Street
Morar-Towne,639,4945232593,estapyltonhq@cpanel.net,12596 8th Hill
Keeling and Sons,640,4358841223,htzarkovhr@cbslocal.com,7 Sauthoff Avenue
Greenfelder-Hodkiewicz,641,7643625167,jprescotehs@icq.com,7401 Village Green Point
"Oberbrunner, Schamberger and Kessler",642,3036412942,,96 Delaware Street
Murazik-Nienow,643,3863354626,destrellahu@europa.eu,27 Anthes Hill
Swaniawski Inc,644,1283649207,jcuttenhv@e-recht24.de,9165 Longview Drive
"Koepp, Cole and Lesch",645,5456724370,tfaugheyhw@cam.ac.uk,9093 Moulton Lane
Sawayn-Klein,646,5373054972,nsneathhx@auda.org.au,785 La Follette Crossing
Kuvalis-Russel,647,7745594195,maudiberthy@springer.com,2 Bartelt Avenue
Towne Group,648,3633922149,,13358 Golden Leaf Lane
Witting LLC,649,1139798353,edevanneyi0@i2i.jp,5 Northwestern Point
Huels Inc,650,2064810376,gloachheadi1@ftc.gov,3 Starling Road
"Jacobi, Friesen and Stanton",651,6738111276,fcorsoni2@hostgator.com,877 Ridge Oak Court
"Altenwerth, Smitham and Brekke",652,3599984706,cyellopi3@lulu.com,1280 Armistice Circle
Schuppe Inc,653,5367780944,,2 East Trail
"Berge, Ullrich and Harber",654,7153755381,,1115 Hazelcrest Avenue
"Senger, Kris and Schneider",655,4227141547,amariottei6@addtoany.com,5708 Saint Paul Terrace
Jones-Lemke,656,6679183594,oindgei7@dion.ne.jp,34 Aberg Plaza
Lind-Labadie,657,9155792497,,31709 Center Park
"Halvorson, Streich and Hodkiewicz",658,6888191458,afolletti9@wufoo.com,9 Nancy Avenue
Langosh LLC,659,2186133153,,88 Hazelcrest Plaza
MacGyver Group,660,2108121876,oloosib@europa.eu,903 Sunfield Plaza
Beier-Mohr,661,7465623125,odixic@npr.org,81 Claremont Drive
Schneider Group,662,6141025439,zfaldoeid@weather.com,04 Twin Pines Parkway
O'Kon-Zboncak,663,4223362728,mestoileie@google.com.br,441 Vidon Terrace
Lueilwitz-Hyatt,664,2172370418,ttruckettif@wp.com,231 Nobel Crossing
Bailey Inc,665,1106685911,aidiensig@mapy.cz,591 2nd Place
Kemmer Inc,666,4757360673,kslucockih@nationalgeographic.com,72392 Schlimgen Way
"Christiansen, Ondricka and Flatley",667,4088436752,,8176 Drewry Court
"Nitzsche, Hegmann and Beahan",668,2386012045,dpedlarij@icq.com,8737 Lindbergh Park
Schamberger-Strosin,669,9088313940,bmacaskieik@goodreads.com,870 Del Sol Lane
Gulgowski-Marquardt,670,3745274180,,27375 Hansons Center
Nolan-Schaefer,671,7302848796,iastillim@illinois.edu,411 Northridge Center
"Zulauf, Conn and Collins",672,3381832568,amaccarterin@dagondesign.com,96059 Pierstorff Way
Hayes Group,673,8223609072,tburwoodio@privacy.gov.au,220 Tomscot Lane
Larkin and Sons,674,7186874910,,93704 Dawn Junction
"Kuhn, Schuster and Reichert",675,2884701012,,51 Riverside Junction
"Marks, Paucek and Harber",676,8358849737,jwrethamir@nasa.gov,7669 Monica Trail
Wyman-Davis,677,9819502569,gputtergillis@oracle.com,878 Parkside Trail
"Schuster, Braun and Walker",678,3327568110,zgreensideit@google.com.au,6200 Dawn Place
Raynor LLC,679,7413601327,,57658 Gateway Terrace
Weber and Sons,680,9394952269,hguilloniv@spotify.com,61339 Kinsman Circle
"Emmerich, Wisozk and Bins",681,5193949263,ralltimesiw@last.fm,4 Spohn Street
"Breitenberg, Schultz and Crist",682,9188197617,vpatyix@paginegialle.it,1028 Golden Leaf Junction
Von-Rowe,683,8886788103,,40 Ridgeview Alley
Mertz Group,684,4805585101,eradmoreiz@google.com,71604 Raven Avenue
"Zemlak, McCullough and Fisher",685,2445035279,rfullwoodj0@miibeian.gov.cn,43 Service Center
"Ryan, Maggio and Bergnaum",686,2043501384,bthorndalej1@squidoo.com,49380 Toban Avenue
Gutkowski-Jacobs,687,5733946470,,6 Myrtle Parkway
Macejkovic Inc,688,1742289298,ntroddj3@rambler.ru,8 Service Hill
Crona and Sons,689,2882020232,espaingowerj4@theglobeandmail.com,63 Ludington Alley
Lubowitz LLC,690,5774206951,bkristofferssonj5@nyu.edu,38371 Victoria Alley
"Blanda, Nitzsche and Bartell",691,4706392273,bdomenyj6@mediafire.com,701 Sachs Pass
"Cole, Reilly and Weissnat",692,5696274105,,69747 Dwight Parkway
Terry-Schroeder,693,9368170670,alafayettej8@cbsnews.com,241 Sheridan Way
Heaney LLC,694,4809960276,,3 Shelley Parkway
"Emard, Thiel and Goldner",695,9186869322,tbirchettja@seesaa.net,6859 Pepper Wood Pass
Boehm and Sons,696,4802492191,nreamejb@1688.com,4381 Heffernan Court
Bernhard and Sons,697,3896249724,,9164 Troy Court
"Champlin, Mosciski and Streich",698,2688046932,eiacominijd@google.com.hk,440 Kenwood Avenue
"Ruecker, Kerluke and Christiansen",699,2663492074,cnorkerje@biglobe.ne.jp,83335 Gina Road
Lesch LLC,700,8335696957,djonjf@jimdo.com,361 Bellgrove Alley
Collier Inc,701,9392614331,hiltchevjg@163.com,49 Packers Street
Fahey-Bechtelar,702,7536506961,mwakelingjh@google.fr,2984 Novick Point
Dooley and Sons,703,8977829671,mdiggerji@twitter.com,93 South Circle
Dibbert and Sons,704,3379276181,,4159 Hooker Street
"Huels, MacGyver and Stark",705,5151318002,mwinksjk@cornell.edu,2900 Maple Wood Alley
Marks Group,706,2109216178,,71157 Wayridge Circle
Becker Group,707,3709845505,rdikelsjm@npr.org,3148 Rowland Hill
Roberts-Vandervort,708,6449982972,dmccathayjn@comsenz.com,710 Lake View Park
Grimes Inc,709,9603817870,gchittyjo@biglobe.ne.jp,36 Havey Junction
"Blanda, Bosco and Mueller",710,3114693814,bmowlesjp@infoseek.co.jp,4723 Sundown Alley
Strosin-Eichmann,711,7835816719,brustidgejq@wordpress.org,5 Homewood Road
"Simonis, Upton and Wisozk",712,4404317584,,7 Bay Trail
"Carter, Shanahan and Howe",713,3653511032,,3 Barby Road
Hyatt and Sons,714,8643967134,afermingerjt@domainmarket.com,60575 Moland Junction
"Hills, Stanton and Nader",715,1584386413,ilooneyju@europa.eu,3 David Lane
Torp Inc,716,3929863449,fmccolljv@google.es,48 Barnett Center
"Crooks, Howell and Marks",717,3052022743,daronovjw@flavors.me,7 Dakota Point
"Hackett, Abernathy and Waters",718,2658776822,cmendoncajx@nps.gov,00149 Northview Avenue
"Wuckert, Cruickshank and Connelly",719,5953224263,pbotlerjy@mysql.com,783 Daystar Pass
Larkin-Barton,720,2575576984,aflorentinejz@histats.com,434 Grim Alley
Rutherford Group,721,6161949293,gcreadyk0@cisco.com,81883 Fordem Road
"Ankunding, Stamm and Batz",722,3063294307,chamberk1@vimeo.com,85 Boyd Trail
Jacobs Inc,723,6924545078,,459 Continental Street
Dickens Group,724,4459820950,vmenchentonk3@sciencedirect.com,252 Trailsway Avenue
Hyatt-Rempel,725,7162741700,,6 Luster Court
"West, Wisoky and Schroeder",726,4541770784,trapak5@yellowbook.com,0627 Graceland Point
"Moen, Walker and Jaskolski",727,5373612182,,75 Brickson Park Avenue
Nolan-Adams,728,6077079806,vlifek7@weebly.com,751 Del Sol Road
"Auer, MacGyver and Kuvalis",729,5694501126,cclewleyk8@mapquest.com,4 Old Gate Plaza
Leuschke Group,730,2915199378,bzanucioliik9@upenn.edu,17118 Tomscot Way
Lueilwitz Inc,731,3131017741,mkettonka@wunderground.com,01 Autumn Leaf Drive
"Johns, Dooley and Wilkinson",732,1354792809,mstollsteinerkb@ocn.ne.jp,1 Northridge Road
Ernser-Ritchie,733,2718931621,,3252 Harper Street
Cummings and Sons,734,7333952711,,057 Monument Avenue
"Klein, Herman and Funk",735,5597947358,kgerishke@nifty.com,53 Larry Drive
Lehner-Turner,736,8263421727,gsmalleskf@nsw.gov.au,94126 Fuller Place
Lindgren-Conroy,737,1351757454,jsoppitkg@zimbio.com,013 Cardinal Hill
"Larson, Mills and Reilly",738,3626319096,abakeupkh@vkontakte.ru,1 Gateway Alley
Rowe Inc,739,2245205640,,823 Muir Park
"Tremblay, Thompson and Parisian",740,2896015838,lmccromleykj@google.co.jp,153 Knutson Pass
"Champlin, Will and Kirlin",741,9882617837,wgainsburykk@cbc.ca,059 Dexter Hill
"Hoppe, Jast and O'Conner",742,7958783175,,90615 Cottonwood Road
Tremblay Inc,743,3825064704,bhaddenkm@soup.io,11 New Castle Court
Torp-Parker,744,8424878708,aandreaccikn@state.gov,721 Derek Center
Jones and Sons,745,9749730771,fklineko@hhs.gov,5 Eastwood Alley
Macejkovic LLC,746,2235383083,cgorhardtkp@stanford.edu,7 Sachs Way
Turcotte Group,747,6949266187,mrowankq@yahoo.co.jp,23489 Granby Place
Batz-Herzog,748,1988056257,dcotthamkr@is.gd,7 Manitowish Circle
"Keebler, Haley and Simonis",749,7391175728,lmiellks@discovery.com,14 Southridge Circle
"Kuphal, Hansen and Roob",750,8413842955,celizabethkt@seattletimes.com,34 Donald Street
"Balistreri, Pouros and Macejkovic",751,7652859188,kpowdrellku@360.cn,31 Chinook Road
Bauch-Spencer,752,2315134552,,9 Pond Court
Auer-Bernier,753,5873747936,,72 Porter Center
Barton Inc,754,4454319844,tgauldkx@webnode.com,76121 Mandrake Plaza
Gerhold Group,755,9776342742,,9368 Bobwhite Terrace
Smith-Yost,756,1435535523,dcopnallkz@cbslocal.com,2514 Rutledge Way
"Schmeler, Shanahan and Schmeler",757,4903994942,,4 Merchant Center
"Schumm, Gutkowski and Nikolaus",758,9959532294,skuresl1@ycombinator.com,5780 Carey Point
"Bartell, Hills and Pfannerstill",759,9855141365,bwoganl2@va.gov,917 Ilene Point
"Vandervort, Bechtelar and Weber",760,3883229116,blaughtonl3@wikispaces.com,5 Almo Junction
"Hoeger, Dach and Murray",761,7611765963,,252 Butterfield Center
Waters-Swift,762,3441072163,bdowreyl5@marketwatch.com,07 Steensland Way
"Rempel, Wunsch and Jerde",763,4325586115,omasselinl6@home.pl,52302 Oxford Street
Kertzmann-Ferry,764,7539574680,eglencroschel7@themeforest.net,918 Ridgeview Lane
Zieme Group,765,4285737416,nsonnerl8@harvard.edu,64701 Reinke Trail
Runolfsdottir Inc,766,1148486392,,2775 Londonderry Trail
Heller-Muller,767,7124703710,,2053 Jana Crossing
"Jerde, Conroy and Schinner",768,1512757189,,54 Melrose Avenue
MacGyver-Botsford,769,9297982989,egilvarylc@mozilla.org,7816 Fairfield Center
Rempel-O'Reilly,770,6475102357,dtreskeld@tinyurl.com,7366 Portage Crossing
Moen and Sons,771,9096602048,clackeyele@wired.com,5 Crest Line Park
Kautzer-Metz,772,2071825516,vwratelf@bloglines.com,405 Rowland Drive
Volkman-Schaden,773,8796782378,rhairsinelg@live.com,2 Sachtjen Avenue
Hauck-Spinka,774,4269679435,civantsovlh@facebook.com,0775 Kedzie Circle
Brakus and Sons,775,4116668062,rsabatierli@yahoo.com,36491 Marquette Alley
Hackett Inc,776,9003075399,jpossalj@odnoklassniki.ru,623 Talisman Street
"Mertz, Eichmann and O'Reilly",777,3346268099,,6677 Spohn Circle
Hills Inc,778,1036502838,wjoslynll@scribd.com,957 Dahle Point
Halvorson and Sons,779,1655990300,jbolamlm@domainmarket.com,540 Corben Plaza
"Boehm, Reichel and Hauck",780,2081867840,kvasicln@cbc.ca,3 Hintze Road
Price Group,781,1549654585,lbeechlo@imageshack.us,402 1st Court
Schulist-Corwin,782,3667144344,morrlp@ycombinator.com,55296 Bellgrove Park
Yundt-Keebler,783,8087124596,mcasselylq@pinterest.com,1 Melody Terrace
Bartoletti-Muller,784,8341911051,,2 Gale Center
"Denesik, Murazik and Wunsch",785,8224734663,abalfrels@yahoo.com,44 Hallows Lane
Schuster Group,786,4141701304,ccaselt@tripod.com,184 Arizona Street
Robel Group,787,1054878047,odellenbrooklu@toplist.cz,7429 Derek Trail
"Hirthe, Schuppe and Fritsch",788,3695330320,kswayslandlv@skyrock.com,74 Ridgeway Road
Frami Group,789,9748562648,pfranssenlw@patch.com,05080 Arapahoe Plaza
Fay-Upton,790,2143020662,hgledhalllx@dailymail.co.uk,83 Nevada Junction
Johnston Inc,791,1655290759,ddurnfordly@google.ca,936 Debs Hill
"Tremblay, Koepp and Terry",792,7069696037,,801 Kings Road
Wyman Inc,793,2883437585,slegatem0@amazon.com,61327 American Road
Haag Group,794,6074688357,ksimonm1@foxnews.com,93 Westend Junction
Pfeffer and Sons,795,8717724770,dgreenstockm2@jugem.jp,4279 Nova Street
"Dickinson, Rohan and Jerde",796,8247886400,drubinovm3@miibeian.gov.cn,833 Basil Lane
Stamm-Hoeger,797,4043835640,fmussenm4@wired.com,191 Armistice Road
Wunsch Group,798,4991812825,skembreym5@instagram.com,4252 Declaration Pass
"Ryan, Hahn and Sauer",799,7748392978,dinnocentim6@mail.ru,239 Mayer Crossing
Murphy Inc,800,6591864118,sscempm7@ebay.com,45 Westerfield Avenue
Schoen Inc,801,3405091546,ajovovicm8@privacy.gov.au,154 Golf View Trail
Ebert and Sons,802,5126702270,agreenleafm9@163.com,2162 Hauk Plaza
Schowalter-Lang,803,3308961227,,50 Burrows Drive
Baumbach-Goodwin,804,9221934458,gmeaddowcroftmb@goo.gl,88 Ilene Way
Nikolaus Group,805,6707111894,knewnsmc@liveinternet.ru,8 Pawling Trail
Sipes-Mayer,806,4169658324,galbertsmd@lulu.com,36471 Lake View Plaza
"Carroll, Wilkinson and Schulist",807,2123742831,,2 Muir Center
"Beier, Nikolaus and Heidenreich",808,4137952123,asanthousemf@cornell.edu,82363 3rd Drive
Murphy Group,809,9214970827,ebarendtsenmg@noaa.gov,2991 Redwing Crossing
McCullough-Orn,810,2453446332,ywestgarthmh@amazon.co.jp,4660 Logan Place
"Mills, Douglas and Rowe",811,9149826744,cpenasmi@senate.gov,5 Golf Course Alley
Schmitt Group,812,6058013706,,0 Elmside Place
Barrows-Haag,813,9193388608,crackstrawmk@alibaba.com,1794 Mallard Point
"Boyer, McKenzie and Ernser",814,3662889992,,018 Mandrake Way
"Prosacco, Goyette and Grimes",815,4192380484,cscarffmm@forbes.com,0000 Barnett Plaza
Ferry-Jerde,816,9773509136,jcyplermn@mapy.cz,77394 Loomis Pass
Ritchie LLC,817,1307582238,helionmo@eventbrite.com,2 Nobel Trail
Bruen and Sons,818,1312849187,wsheamp@networksolutions.com,5 Moland Pass
"Brakus, Monahan and Wilkinson",819,5463550109,,621 Bobwhite Center
Bauch LLC,820,8338680446,bfettermr@comsenz.com,877 Porter Plaza
Klein-Wolff,821,7115556024,jvanyukovms@boston.com,0 Moland Terrace
Waelchi-Nolan,822,3942118810,acrucesmt@typepad.com,2 Thierer Drive
Mraz and Sons,823,9969974245,crigmandmu@who.int,7304 Crescent Oaks Place
Gutkowski Group,824,8058950474,,8917 Lien Alley
"Rodriguez, Bahringer and Crist",825,5277106446,alatheymw@4shared.com,6 Cody Way
"Sporer, Christiansen and Stoltenberg",826,4037923572,fklassmanmx@geocities.com,425 Weeping Birch Point
Hamill Inc,827,3684086880,sdavidovichmy@dot.gov,58096 Trailsway Point
"Harvey, Leffler and Olson",828,2088962663,rsybrymz@list-manage.com,06643 Prairieview Road
Cruickshank and Sons,829,7579777740,sfintophn0@bloomberg.com,0 Caliangt Avenue
Thompson-Brakus,830,5938912905,jmcgregorn1@hibu.com,5311 Burrows Crossing
Stamm Inc,831,2226151322,,71 Ludington Pass
Abernathy Group,832,5923953824,gspofforthn3@myspace.com,600 Bashford Junction
Abernathy-Mertz,833,5643277559,odevoyn4@bbb.org,135 Golf Pass
Kovacek-McCullough,834,4026861614,,3 Dottie Alley
Feil Group,835,3101644262,mgillibrandn6@redcross.org,39224 Fremont Terrace
Williamson-Keebler,836,1912462228,rmilleryn7@mashable.com,52 Village Green Center
Witting-Turner,837,6632240867,lnelsonn8@t-online.de,04 Hollow Ridge Way
Terry Group,838,9753768740,gkoeppken9@tripod.com,1287 Sage Lane
Okuneva-Shanahan,839,7449070143,ybigriggna@phoca.cz,52011 Chinook Park
Schultz-Little,840,3848916264,fquakleynb@creativecommons.org,760 Laurel Crossing
Murazik-Swift,841,8524943933,pastlingnc@uol.com.br,9 Clyde Gallagher Drive
"Mills, Torphy and Zemlak",842,5969839977,,5403 Continental Circle
Yundt Group,843,3591091882,lsheldrickne@senate.gov,1 Gulseth Alley
"Jacobs, Torp and Thompson",844,7779872775,jzuckernf@answers.com,1 Parkside Alley
Kovacek and Sons,845,8539823500,bhowtopreserveng@hugedomains.com,8321 Gerald Circle
O'Keefe Group,846,6399083479,rmcmanusnh@delicious.com,1881 Knutson Plaza
"Ratke, Jacobson and Dooley",847,9516805504,atranfieldni@elpais.com,062 Lakewood Gardens Road
Dare and Sons,848,4365888527,,43 Paget Plaza
Hansen LLC,849,1404915818,ffouldnk@geocities.com,734 Truax Center
Herman LLC,850,5407670300,bwannesnl@wisc.edu,368 Burrows Avenue
"Rutherford, Predovic and Cassin",851,7966030861,,9 Dorton Court
"Klocko, O'Kon and Crooks",852,4864758122,uvassbendernn@webmd.com,0749 Heffernan Avenue
Lakin and Sons,853,2445227030,jflementno@diigo.com,19989 Myrtle Plaza
"Fahey, Zulauf and Witting",854,2152768358,,37 Helena Court
Hoeger-Hayes,855,7137150123,sspallsnq@webs.com,47749 Monument Court
Weissnat Group,856,4565112954,tdufernr@sphinn.com,1 Milwaukee Street
Jenkins-Stark,857,1033855778,dcodringtonns@tuttocitta.it,36 Katie Avenue
"Corwin, Powlowski and Wintheiser",858,1612584768,agallihawknt@hexun.com,17 Hintze Circle
Maggio-Ritchie,859,5151639085,nbertrandnu@timesonline.co.uk,5325 Waywood Center
Sawayn LLC,860,9574601041,ebaldocknv@netvibes.com,3 Hudson Place
"Gottlieb, Kilback and Luettgen",861,5282598046,,880 Dayton Court
"Reynolds, Kreiger and Stark",862,7587769857,hlemonniernx@meetup.com,15 Stone Corner Alley
Skiles-Kozey,863,8636325219,,8222 1st Trail
Block and Sons,864,7649874764,dwoodesonnz@cisco.com,9243 Luster Road
"Baumbach, O'Conner and Larson",865,9966858811,,99884 Dayton Court
"Wuckert, Schulist and Kautzer",866,2283669610,,17214 Scott Lane
Williamson-Maggio,867,1459022858,skemisho2@answers.com,943 Cordelia Junction
"Okuneva, Sipes and Jacobs",868,8846138155,fgrzelewskio3@ask.com,9 Manley Lane
Klocko and Sons,869,2971944715,lbootyo4@blogger.com,1 Haas Lane
Prosacco Inc,870,9054725272,mgooderidgeo5@tiny.cc,2 Nobel Plaza
Terry-Howell,871,6478429466,dtathamo6@nba.com,1577 Garrison Street
"Lowe, Hilpert and Johnson",872,2165905537,,7102 2nd Lane
Hickle-O'Conner,873,3939067044,tdorneyo8@netvibes.com,033 Kim Center
Kilback-Mosciski,874,4489806820,msuatto9@bloglines.com,37 Hudson Alley
Lesch Inc,875,2582023032,fmcclevertyoa@tripod.com,23342 Londonderry Junction
Kris LLC,876,6588076169,nmcilhattonob@wix.com,1160 Ruskin Place
"Miller, Romaguera and Adams",877,6063965719,cwinkleoc@alibaba.com,136 Hoard Park
Ritchie-Satterfield,878,2455200434,,082 Luster Road
Metz-Thiel,879,6562911570,,09 Jenna Place
Hills-Gutmann,880,7094625679,,273 Killdeer Junction
Conn-Wunsch,881,7898093089,rziemeog@seattletimes.com,842 Twin Pines Place
Rippin-Wolf,882,9877949111,ffelgateoh@mapy.cz,99256 Westport Point
"Witting, Sawayn and Torphy",883,1448582496,slarchieroi@tumblr.com,82119 American Center
Goodwin Inc,884,9392131501,,4746 Ruskin Parkway
Langosh LLC,885,3992767772,cbrabanok@msn.com,62 Kinsman Point
Upton Inc,886,7839615565,csaingol@comsenz.com,885 Derek Road
Metz and Sons,887,8746402129,tattenburrowom@yelp.com,67 Bonner Pass
Veum-Wyman,888,5154007362,vhilleyon@etsy.com,21160 Sundown Plaza
"Strosin, Ullrich and Mayer",889,2919455328,dbehroo@csmonitor.com,831 Petterle Road
Kub LLC,890,8683399818,dpilkingtonop@slate.com,719 Dayton Point
Schamberger Group,891,2271702723,xrudhamoq@aol.com,51 Sauthoff Parkway
Weissnat and Sons,892,1056359031,balleboneor@cnet.com,285 Fieldstone Place
Langosh-Carroll,893,9766041371,apiscopoos@icq.com,43 Sauthoff Street
Waters-Heidenreich,894,1227351855,mskoulingot@netscape.com,3327 Golf Crossing
"Crist, Windler and Feest",895,7164568330,astintonou@patch.com,4307 Glendale Crossing
Quigley and Sons,896,9348508384,,8386 Sutteridge Road
Sporer-Kertzmann,897,2108234066,,14 Russell Avenue
Shanahan Inc,898,4491108036,jgreenlandox@icq.com,52391 Butternut Way
"Kassulke, Muller and Durgan",899,2233193053,hbelverstoneoy@posterous.com,3 Northfield Terrace
"Lehner, Schinner and Quitzon",900,5282115439,dwhymanoz@is.gd,909 Northview Avenue
Goodwin-Mann,901,8391863514,agimsonp0@diigo.com,37 Gerald Alley
"Spinka, Hodkiewicz and Crona",902,8693830268,mluisp1@sphinn.com,0 Menomonie Avenue
Carroll-Kemmer,903,8825554723,credpathp2@wikipedia.org,21481 Orin Street
"Gorczany, Swift and Wisozk",904,5489704028,kcawkwellp3@bloglines.com,976 Hazelcrest Trail
Quigley Group,905,4515474184,melcouxp4@xrea.com,25395 Lillian Center
"Oberbrunner, Spinka and Adams",906,2713143734,hgarberp5@arizona.edu,3388 Logan Parkway
Mills Inc,907,7747537266,cverringp6@1688.com,41 Killdeer Point
Spencer and Sons,908,5292113919,rcessfordp7@geocities.jp,281 Hudson Alley
Deckow-Bednar,909,1562478827,,841 Porter Alley
Klein and Sons,910,9258032493,skrautp9@who.int,64 Lyons Park
Pollich-Goldner,911,7818094246,dpeppettpa@cyberchimps.com,1 Saint Paul Crossing
Streich-Toy,912,2251545857,,27 Welch Alley
"Moore, Walsh and Murphy",913,5892284911,nbortolonipc@meetup.com,6468 Kenwood Drive
Wilderman and Sons,914,2635604963,,98 Fisk Park
Schowalter Inc,915,7106771978,lgergelype@sfgate.com,8769 Thackeray Drive
"Murphy, Raynor and Reilly",916,3396040297,,6155 Comanche Street
Hayes and Sons,917,4524060632,asquibbespg@networksolutions.com,1225 Mccormick Junction
Bernhard-Mills,918,9601181727,kspanswickph@moonfruit.com,83811 Ohio Parkway
"Daniel, Stoltenberg and Jones",919,7717440829,gjaypi@51.la,531 Rigney Court
"Aufderhar, Hane and Wiza",920,8519311548,,89 Glacier Hill Way
O'Hara LLC,921,9171542872,,6486 Dorton Avenue
Von-Cormier,922,3657995891,jfucherpl@ca.gov,53891 Oak Road
"Torp, Bogan and Kohler",923,7817883515,aoxfordpm@businessweek.com,27649 Ludington Avenue
Wiza-Luettgen,924,4667309192,mheaslypn@fema.gov,17665 Larry Park
Skiles Inc,925,3723867820,tfiorentinopo@i2i.jp,9720 Commercial Park
Heathcote-Roob,926,6075182915,tandrysiakpp@purevolume.com,98762 Elka Parkway
"Stamm, Prosacco and Tremblay",927,4495169693,bdalliganpq@drupal.org,24907 Havey Junction
"Runte, Beer and Breitenberg",928,2839585985,ctamespr@census.gov,1 Green Parkway
Schaden-Ratke,929,8732501958,rpurchonps@google.de,71037 Center Terrace
Williamson Group,930,8523197564,dbirchillpt@stanford.edu,5 Merry Alley
Smitham-Ondricka,931,3646230064,bnanninipu@tuttocitta.it,9176 Ridgeview Hill
Friesen-Langworth,932,4106699913,,55986 Burning Wood Junction
Macejkovic-Dicki,933,7228403841,jpeviepw@livejournal.com,7 Mallory Court
Bartoletti-Gottlieb,934,9387850612,linderwickpx@dedecms.com,17 Dixon Terrace
Nicolas-Bednar,935,2202875317,pvalenciapy@godaddy.com,75 Dunning Terrace
Stamm-McLaughlin,936,1582219901,,3 Mesta Center
"Champlin, Hagenes and Will",937,8911772898,,0 Donald Center
Cruickshank-Hauck,938,9697582352,kbillowsq1@admin.ch,52 Village Green Trail
Adams Inc,939,9378095805,bblackettq2@census.gov,70856 Porter Drive
Kerluke and Sons,940,2382192430,cduckerq3@salon.com,60 Lukken Lane
Stiedemann Group,941,9006958817,eerrichelliq4@amazon.co.jp,4 Mesta Court
Jerde Inc,942,6211232419,jmarchentq5@ow.ly,5208 Amoth Place
Roob LLC,943,9504138769,,98599 Spohn Parkway
Greenfelder Group,944,8771865469,ehymerq7@bandcamp.com,7931 Dwight Point
Osinski and Sons,945,8019400672,ucourageq8@posterous.com,6 Village Green Avenue
"Schneider, Wolf and Stehr",946,6113629207,,23161 Lunder Pass
Goyette-Borer,947,5951049002,smarklinqa@auda.org.au,84593 Grasskamp Trail
Turcotte-Cruickshank,948,3773140945,mbrimmacombeqb@stumbleupon.com,15206 Acker Street
Bartell-Fahey,949,2582442822,sbeggiqc@google.com.br,75815 Hermina Junction
"Mante, Friesen and Terry",950,9285481453,rmckeadyqd@tinypic.com,49 Dahle Avenue
"Stark, Lemke and Torphy",951,2216688210,kkelsellqe@amazon.de,669 Susan Terrace
Carroll and Sons,952,6215451952,lfranzewitchqf@squidoo.com,05 Bartillon Drive
Kirlin-Conroy,953,9954743427,scobbeqg@simplemachines.org,02 Anniversary Trail
Keeling-Beier,954,4186273923,smcneillyqh@biglobe.ne.jp,1 Gerald Junction
Yost-Bednar,955,4264136742,tcuolahanqi@netlog.com,5 Glacier Hill Parkway
Watsica Group,956,7878593151,lkenderqj@uol.com.br,83005 Columbus Point
Kozey-Glover,957,1682772528,jpuddicombeqk@gravatar.com,969 Northfield Point
Conn-Bechtelar,958,8116591788,ngoodrumql@webs.com,2 Prairieview Trail
Windler Group,959,1425783775,,034 Transport Lane
"Effertz, Von and Krajcik",960,8132671000,,949 Thierer Point
Stark-Runte,961,9692696210,,89786 Scoville Terrace
"Daugherty, Botsford and Koepp",962,1003035881,dmumbersonqp@dailymail.co.uk,2530 Crest Line Place
Greenfelder-Emard,963,2425588918,cgemmillqq@hud.gov,7295 Donald Crossing
"Satterfield, Kozey and Pouros",964,5104153690,eeckersleyqr@princeton.edu,0 Monterey Park
"Larkin, Herman and Kreiger",965,3598348872,ahillborneqs@patch.com,83 Oak Crossing
Cummerata-Konopelski,966,1908834932,cspenderqt@fotki.com,8111 Mitchell Way
Okuneva-Harvey,967,3564710871,jbaldiqu@t-online.de,3307 Thompson Pass
Hills Group,968,1882724643,kjellardqv@sina.com.cn,892 Division Pass
Simonis and Sons,969,6125717950,clubeckqw@usda.gov,1711 Browning Plaza
"Macejkovic, Dibbert and Kertzmann",970,1756931750,gmarcinkusqx@ameblo.jp,51355 Melby Trail
"Rempel, Lakin and Kulas",971,3233916912,agolledgeqy@mlb.com,1 Autumn Leaf Parkway
Orn-Grady,972,4419945972,tbeumantqz@odnoklassniki.ru,49216 Little Fleur Park
Dare LLC,973,4117309955,cvieyrar0@netscape.com,5 Steensland Hill
"Bailey, Bode and Gorczany",974,1497037057,hvarnalsr1@hibu.com,1 Sundown Lane
Gislason-Hickle,975,5901791671,msmithenr2@woothemes.com,063 Tennessee Point
Mohr-Stanton,976,3913982295,qblofeldr3@nifty.com,40591 Hoffman Crossing
Kuhic-Lockman,977,2451470543,,868 Mayer Way
Haley and Sons,978,7126958918,,20698 High Crossing Plaza
Lind Inc,979,3471644451,esnoxillr6@list-manage.com,224 Weeping Birch Park
"Hilpert, Hamill and Jones",980,1172410100,lscanlonr7@tinypic.com,15 Laurel Point
"Muller, Barton and Torp",981,3775912840,hmcaughtryr8@illinois.edu,41955 Schiller Plaza
Kohler Inc,982,7273656919,raleksandrikinr9@sakura.ne.jp,6 Gale Parkway
Kunde Group,983,4948441402,spettigreera@bing.com,5849 Dorton Street
Spinka Group,984,4785184150,kpeirsonrb@phoca.cz,43 Menomonie Trail
Hammes Group,985,9121944343,esinfieldrc@ftc.gov,160 Farmco Trail
Hayes Inc,986,1999464962,lmostynrd@constantcontact.com,48 Union Avenue
"Robel, Murphy and Stanton",987,1165169420,dshervilre@barnesandnoble.com,0 Spenser Lane
Price and Sons,988,6744615638,gvalancerf@aboutads.info,41990 Hoepker Trail
Crooks Group,989,4084879552,mlemonbyrg@yale.edu,89185 Kim Crossing
"Shields, Bergnaum and Ledner",990,5968347689,bhalesworthrh@psu.edu,328 Blaine Parkway
King LLC,991,4167337415,carnaultri@jimdo.com,2 Meadow Valley Plaza
Larson and Sons,992,6078436264,eolahyrj@timesonline.co.uk,7989 Artisan Point
Fahey-Keeling,993,4469741264,msimanrk@army.mil,70 Cascade Road
Schaefer-Metz,994,5526044681,ysnoddonrl@loc.gov,89 Sullivan Avenue
Schuster-Haag,995,1468588598,emaydwayrm@mapy.cz,3873 Roxbury Drive
Harber-Goodwin,996,5358867190,aseakingrn@time.com,24815 Doe Crossing Trail
"Sporer, Herman and Gorczany",997,6146052152,jsommersettro@phpbb.com,1239 Hermina Avenue
"Stanton, Cremin and Koss",998,3471325527,fcallenderrp@diigo.com,1481 Barnett Avenue
Smitham LLC,999,9949133901,,374 Milwaukee Point
"Marks, Walker and Heller",1000,2015311071,varboinrr@vinaora.com,538 Gale Place
